{"cameraMode":{"drawMode":0,"name":"Shaded","section":"Shading Mode"},"sceneLighting":false,"audioPlay":false,"sceneViewState":{"m_AlwaysRefresh":false,"showFog":true,"showSkybox":false,"showFlares":true,"showImageEffects":true,"showParticleSystems":true,"showVisualEffectGraphs":true,"m_FxEnabled":true},"in2DMode":false,"pivot":{"x":5.190000057220459,"y":-1.1799999475479127,"z":0.06000000238418579},"rotation":{"x":-0.24560926854610444,"y":-0.24653536081314088,"z":0.06478434801101685,"w":-0.9353044033050537},"size":0.8660253882408142,"orthographic":false}